[
  {
    "platform" : "ANDROID",
    "searchTime" : "2023-04-12T18:43:47.111Z[UTC]",
    "searchQuery" : "zindagi ki ",
    "searchInteractionURIs" : [
      "spotify:track:45o3NZK6ONVJHGy3g1Yraq"
    ]
  },
  {
    "platform" : "ANDROID",
    "searchTime" : "2023-04-12T18:49:33.664Z[UTC]",
    "searchQuery" : "zindagi ki ",
    "searchInteractionURIs" : [
      "spotify:track:45o3NZK6ONVJHGy3g1Yraq"
    ]
  },
  {
    "platform" : "ANDROID_ARM",
    "searchTime" : "2023-04-12T18:49:44.654Z[UTC]",
    "searchQuery" : "zindagi ki ",
    "searchInteractionURIs" : [
    ]
  },
  {
    "platform" : "ANDROID",
    "searchTime" : "2023-04-13T02:34:20.991Z[UTC]",
    "searchQuery" : "datt bava",
    "searchInteractionURIs" : [
      "spotify:track:5mzWhwFgiCvqF690ScJ275"
    ]
  },
  {
    "platform" : "ANDROID",
    "searchTime" : "2023-04-13T02:54:14.153Z[UTC]",
    "searchQuery" : ".",
    "searchInteractionURIs" : [
      "spotify:playlist:5bYONlkLSAWkkvcMWHClgx"
    ]
  },
  {
    "platform" : "ANDROID",
    "searchTime" : "2023-04-13T03:09:06.161Z[UTC]",
    "searchQuery" : "jal kama",
    "searchInteractionURIs" : [
      "spotify:track:0PrID1ebwNDckUb0qHzycz"
    ]
  },
  {
    "platform" : "ANDROID_ARM",
    "searchTime" : "2023-04-16T17:24:06.407Z[UTC]",
    "searchQuery" : "an",
    "searchInteractionURIs" : [
    ]
  },
  {
    "platform" : "ANDROID_ARM",
    "searchTime" : "2023-04-16T17:24:07.184Z[UTC]",
    "searchQuery" : "ankh",
    "searchInteractionURIs" : [
    ]
  },
  {
    "platform" : "ANDROID_ARM",
    "searchTime" : "2023-04-16T17:24:09.293Z[UTC]",
    "searchQuery" : "ankhei",
    "searchInteractionURIs" : [
    ]
  },
  {
    "platform" : "ANDROID",
    "searchTime" : "2023-04-16T17:24:09.347Z[UTC]",
    "searchQuery" : "ankhein",
    "searchInteractionURIs" : [
    ]
  },
  {
    "platform" : "ANDROID_ARM",
    "searchTime" : "2023-04-16T17:24:27.058Z[UTC]",
    "searchQuery" : "f",
    "searchInteractionURIs" : [
    ]
  },
  {
    "platform" : "ANDROID",
    "searchTime" : "2023-04-16T17:24:28.689Z[UTC]",
    "searchQuery" : "fatela jeb ",
    "searchInteractionURIs" : [
      "spotify:track:6Uz1AUpgcp7VPeJ2gTZIcy"
    ]
  },
  {
    "platform" : "ANDROID",
    "searchTime" : "2023-04-27T19:37:07.516Z[UTC]",
    "searchQuery" : "tu",
    "searchInteractionURIs" : [
      "spotify:track:2Aoa19SSrNJsvbJtFdoou6"
    ]
  },
  {
    "platform" : "ANDROID_ARM",
    "searchTime" : "2023-05-03T02:25:34.828Z[UTC]",
    "searchQuery" : "a",
    "searchInteractionURIs" : [
    ]
  },
  {
    "platform" : "ANDROID",
    "searchTime" : "2023-05-03T02:25:39.752Z[UTC]",
    "searchQuery" : "rang lage",
    "searchInteractionURIs" : [
      "spotify:track:7mSzDKajY2wUtstQSLdzMK"
    ]
  },
  {
    "platform" : "ANDROID_ARM",
    "searchTime" : "2023-05-20T15:28:03.249Z[UTC]",
    "searchQuery" : "u",
    "searchInteractionURIs" : [
    ]
  },
  {
    "platform" : "ANDROID",
    "searchTime" : "2023-05-20T15:28:03.901Z[UTC]",
    "searchQuery" : "night ",
    "searchInteractionURIs" : [
      "spotify:track:5O2P9iiztwhomNh8xkR9lJ"
    ]
  },
  {
    "platform" : "ANDROID_ARM",
    "searchTime" : "2023-05-20T15:47:11.998Z[UTC]",
    "searchQuery" : "night ",
    "searchInteractionURIs" : [
    ]
  },
  {
    "platform" : "ANDROID",
    "searchTime" : "2023-05-20T15:47:19.499Z[UTC]",
    "searchQuery" : "mast",
    "searchInteractionURIs" : [
      "spotify:track:3uL1IBFhg52VcQqOwAG01E",
      "spotify:playlist:3kSi9gg8PI45fy4y0XyhJb"
    ]
  },
  {
    "platform" : "ANDROID",
    "searchTime" : "2023-05-20T16:09:53.437Z[UTC]",
    "searchQuery" : "playdate x",
    "searchInteractionURIs" : [
      "spotify:track:3BtMui9dTKlHbdE6uSVgT9",
      "spotify:playlist:2aj5SFL9fzbzDJW0BNoSNx"
    ]
  },
  {
    "platform" : "ANDROID",
    "searchTime" : "2023-05-20T16:18:23.883Z[UTC]",
    "searchQuery" : "lata Mangeshkar ",
    "searchInteractionURIs" : [
      "spotify:playlist:3NJcAf28UpPkSXalhOtefu",
      "spotify:track:5B29YNjG7dx0GfU19ZBEpo"
    ]
  },
  {
    "platform" : "ANDROID_ARM",
    "searchTime" : "2023-05-20T16:32:53.399Z[UTC]",
    "searchQuery" : "lata Mangeshkar ",
    "searchInteractionURIs" : [
    ]
  },
  {
    "platform" : "ANDROID",
    "searchTime" : "2023-05-20T16:32:59.597Z[UTC]",
    "searchQuery" : "dope",
    "searchInteractionURIs" : [
      "spotify:track:3pVXZ04pu8zYaiAHCrh6PV"
    ]
  },
  {
    "platform" : "ANDROID_ARM",
    "searchTime" : "2023-05-20T16:33:01.269Z[UTC]",
    "searchQuery" : "dop",
    "searchInteractionURIs" : [
    ]
  },
  {
    "platform" : "ANDROID",
    "searchTime" : "2023-05-23T05:12:39.294Z[UTC]",
    "searchQuery" : "ho",
    "searchInteractionURIs" : [
      "spotify:artist:7uIbLdzzSEqnX0Pkrb56cR"
    ]
  },
  {
    "platform" : "ANDROID",
    "searchTime" : "2023-05-23T05:34:34.919Z[UTC]",
    "searchQuery" : "rock",
    "searchInteractionURIs" : [
      "spotify:playlist:5IuUiBjk7NxeXzwXqWw2p4"
    ]
  },
  {
    "platform" : "ANDROID",
    "searchTime" : "2023-05-27T16:41:33.952Z[UTC]",
    "searchQuery" : "lvish ",
    "searchInteractionURIs" : [
      "spotify:track:4JvziZ2kQsbzfvRQtpYfmJ"
    ]
  },
  {
    "platform" : "ANDROID",
    "searchTime" : "2023-06-18T09:13:08.895Z[UTC]",
    "searchQuery" : "hon",
    "searchInteractionURIs" : [
      "spotify:artist:7uIbLdzzSEqnX0Pkrb56cR"
    ]
  },
  {
    "platform" : "ANDROID",
    "searchTime" : "2023-06-20T19:05:50.669Z[UTC]",
    "searchQuery" : "asul ke dhage tubhi toyega ",
    "searchInteractionURIs" : [
      "spotify:track:51veu9Dp5MlbfpHJZ3xyyq"
    ]
  },
  {
    "platform" : "ANDROID",
    "searchTime" : "2023-06-20T19:06:25.657Z[UTC]",
    "searchQuery" : "tu bhi royega mahi ",
    "searchInteractionURIs" : [
      "spotify:playlist:1aShZBbwZHMsooX2I7AjPm"
    ]
  },
  {
    "platform" : "ANDROID",
    "searchTime" : "2023-06-20T19:06:36.024Z[UTC]",
    "searchQuery" : "tu bhi royega mahi o",
    "searchInteractionURIs" : [
      "spotify:album:3xDeHE31HeqAgT9A9nt4ew"
    ]
  },
  {
    "platform" : "ANDROID",
    "searchTime" : "2023-06-20T19:07:20.957Z[UTC]",
    "searchQuery" : "tu bhi royega mahi o",
    "searchInteractionURIs" : [
    ]
  },
  {
    "platform" : "ANDROID_ARM",
    "searchTime" : "2023-06-20T19:07:26.431Z[UTC]",
    "searchQuery" : "tu b",
    "searchInteractionURIs" : [
    ]
  },
  {
    "platform" : "ANDROID_ARM",
    "searchTime" : "2023-06-20T19:07:27.040Z[UTC]",
    "searchQuery" : "tu bhin",
    "searchInteractionURIs" : [
    ]
  },
  {
    "platform" : "ANDROID_ARM",
    "searchTime" : "2023-06-20T19:07:38.344Z[UTC]",
    "searchQuery" : "tu bhi rohe",
    "searchInteractionURIs" : [
    ]
  },
  {
    "platform" : "ANDROID",
    "searchTime" : "2023-06-20T19:10:36.121Z[UTC]",
    "searchQuery" : "tu bhi royeva",
    "searchInteractionURIs" : [
    ]
  },
  {
    "platform" : "ANDROID_ARM",
    "searchTime" : "2023-06-20T19:10:38.315Z[UTC]",
    "searchQuery" : "tu bhi roye",
    "searchInteractionURIs" : [
    ]
  },
  {
    "platform" : "ANDROID",
    "searchTime" : "2023-06-22T15:11:15.344Z[UTC]",
    "searchQuery" : "hon",
    "searchInteractionURIs" : [
      "spotify:artist:7uIbLdzzSEqnX0Pkrb56cR"
    ]
  },
  {
    "platform" : "ANDROID",
    "searchTime" : "2023-07-01T01:51:15.278Z[UTC]",
    "searchQuery" : "tu mera koi",
    "searchInteractionURIs" : [
      "spotify:playlist:2STcNm7moWI3WasOUJqlOp",
      "spotify:playlist:28hMPVFCwxWKlpSpJjyouo",
      "spotify:playlist:3BJopiHL9Jn1TsFEMpfTaZ",
      "spotify:playlist:5hVwO0y6OhEqN34gWlkkzm",
      "spotify:playlist:3BJopiHL9Jn1TsFEMpfTaZ",
      "spotify:playlist:2STcNm7moWI3WasOUJqlOp"
    ]
  },
  {
    "platform" : "ANDROID_ARM",
    "searchTime" : "2023-07-01T01:51:16.873Z[UTC]",
    "searchQuery" : "tu mera k",
    "searchInteractionURIs" : [
    ]
  },
  {
    "platform" : "ANDROID_ARM",
    "searchTime" : "2023-07-01T01:51:36.525Z[UTC]",
    "searchQuery" : "tu mera koi",
    "searchInteractionURIs" : [
    ]
  },
  {
    "platform" : "ANDROID_ARM",
    "searchTime" : "2023-07-03T03:23:52.648Z[UTC]",
    "searchQuery" : "hanum",
    "searchInteractionURIs" : [
    ]
  },
  {
    "platform" : "ANDROID",
    "searchTime" : "2023-07-03T03:23:52.955Z[UTC]",
    "searchQuery" : "Hanuman ",
    "searchInteractionURIs" : [
      "spotify:track:6H7fLdt0AeWpuxUKXuXWrx"
    ]
  },
  {
    "platform" : "ANDROID",
    "searchTime" : "2023-07-03T03:34:02.109Z[UTC]",
    "searchQuery" : "Hanuman ",
    "searchInteractionURIs" : [
    ]
  }
]