{
  "tracks": [
    {
      "artist": "Poylow",
      "album": "WTF",
      "track": "WTF",
      "uri": "spotify:track:43dHKkhLDn3eJrhJtPuGfg"
    },
    {
      "artist": "Soumitra Dev Burman",
      "album": "Zindagi Ki Yehi Reet Hai (From \"Koi Jaane Na\")",
      "track": "Zindagi Ki Yehi Reet Hai (From \"Koi Jaane Na\")",
      "uri": "spotify:track:45o3NZK6ONVJHGy3g1Yraq"
    },
    {
      "artist": "Joel Corry",
      "album": "Head & Heart (feat. MNEK)",
      "track": "Head & Heart (feat. MNEK)",
      "uri": "spotify:track:6cx06DFPPHchuUAcTxznu9"
    }
  ],
  "albums": [
  ],
  "shows": [
    {
      "name": "Gita for the Young and Restless",
      "publisher": "Spotify Studios",
      "uri": "spotify:show:7maqOtQsacT6Upja7ND0Kk"
    }
  ],
  "episodes": [
  ],
  "bannedTracks": [
  ],
  "artists": [
    {
      "name": "A.R. Rahman",
      "uri": "spotify:artist:1mYsTxnqsietFxj1OgoGbG"
    },
    {
      "name": "Arijit Singh",
      "uri": "spotify:artist:4YRxDV8wJFPHPTeXepOstw"
    },
    {
      "name": "Armaan Malik",
      "uri": "spotify:artist:4IKVDbCSBTxBeAsMKjAuTs"
    }
  ],
  "bannedArtists": [
  ],
  "other": [
  ]
}